12500,12400,12300,12200,12100,12000,11900,11800,11700,11600,11500,11400,11300,11200,11100,11000,10900,10800,10700,10600,10500,10400,10300,10200,10100,10000,9900,9800,9700,9600,9500,9400,9300,9200,9100,9000
2560,2538,2516,2494,2472,2450,2430,2410,2390,2370,2350,2330,2310,2290,2270,2250,2232,2214,2196,2178,2160,2143,2126,2109,2092,2075,2058,2041,2024,2007,1990,1974,1958,1942,1926,1910
2539.565217,2517.797101,2496.028986,2474.26087,2452.492754,2430.724638,2410.927536,2391.130435,2371.333333,2351.536232,2331.73913,2311.898551,2292.057971,2272.217391,2252.376812,2232.536232,2214.695652,2196.855072,2179.014493,2161.173913,2143.333333,2126.521739,2109.710145,2092.898551,2076.086957,2059.275362,2042.347826,2025.42029,2008.492754,1991.565217,1974.637681,1958.782609,1942.927536,1927.072464,1911.217391,1895.362319
2519.130435,2497.594203,2476.057971,2454.521739,2432.985507,2411.449275,2391.855072,2372.26087,2352.666667,2333.072464,2313.478261,2293.797101,2274.115942,2254.434783,2234.753623,2215.072464,2197.391304,2179.710145,2162.028986,2144.347826,2126.666667,2110.043478,2093.42029,2076.797101,2060.173913,2043.550725,2026.695652,2009.84058,1992.985507,1976.130435,1959.275362,1943.565217,1927.855072,1912.144928,1896.434783,1880.724638
2498.695652,2477.391304,2456.086957,2434.782609,2413.478261,2392.173913,2372.782609,2353.391304,2334,2314.608696,2295.217391,2275.695652,2256.173913,2236.652174,2217.130435,2197.608696,2180.086957,2162.565217,2145.043478,2127.521739,2110,2093.565217,2077.130435,2060.695652,2044.26087,2027.826087,2011.043478,1994.26087,1977.478261,1960.695652,1943.913043,1928.347826,1912.782609,1897.217391,1881.652174,1866.086957
2478.26087,2457.188406,2436.115942,2415.043478,2393.971014,2372.898551,2353.710145,2334.521739,2315.333333,2296.144928,2276.956522,2257.594203,2238.231884,2218.869565,2199.507246,2180.144928,2162.782609,2145.42029,2128.057971,2110.695652,2093.333333,2077.086957,2060.84058,2044.594203,2028.347826,2012.101449,1995.391304,1978.681159,1961.971014,1945.26087,1928.550725,1913.130435,1897.710145,1882.289855,1866.869565,1851.449275
2457.826087,2436.985507,2416.144928,2395.304348,2374.463768,2353.623188,2334.637681,2315.652174,2296.666667,2277.681159,2258.695652,2239.492754,2220.289855,2201.086957,2181.884058,2162.681159,2145.478261,2128.275362,2111.072464,2093.869565,2076.666667,2060.608696,2044.550725,2028.492754,2012.434783,1996.376812,1979.73913,1963.101449,1946.463768,1929.826087,1913.188406,1897.913043,1882.637681,1867.362319,1852.086957,1836.811594
2437.391304,2416.782609,2396.173913,2375.565217,2354.956522,2334.347826,2315.565217,2296.782609,2278,2259.217391,2240.434783,2221.391304,2202.347826,2183.304348,2164.26087,2145.217391,2128.173913,2111.130435,2094.086957,2077.043478,2060,2044.130435,2028.26087,2012.391304,1996.521739,1980.652174,1964.086957,1947.521739,1930.956522,1914.391304,1897.826087,1882.695652,1867.565217,1852.434783,1837.304348,1822.173913
2416.956522,2396.57971,2376.202899,2355.826087,2335.449275,2315.072464,2296.492754,2277.913043,2259.333333,2240.753623,2222.173913,2203.289855,2184.405797,2165.521739,2146.637681,2127.753623,2110.869565,2093.985507,2077.101449,2060.217391,2043.333333,2027.652174,2011.971014,1996.289855,1980.608696,1964.927536,1948.434783,1931.942029,1915.449275,1898.956522,1882.463768,1867.478261,1852.492754,1837.507246,1822.521739,1807.536232
2396.521739,2376.376812,2356.231884,2336.086957,2315.942029,2295.797101,2277.42029,2259.043478,2240.666667,2222.289855,2203.913043,2185.188406,2166.463768,2147.73913,2129.014493,2110.289855,2093.565217,2076.84058,2060.115942,2043.391304,2026.666667,2011.173913,1995.681159,1980.188406,1964.695652,1949.202899,1932.782609,1916.362319,1899.942029,1883.521739,1867.101449,1852.26087,1837.42029,1822.57971,1807.73913,1792.898551
2376.086957,2356.173913,2336.26087,2316.347826,2296.434783,2276.521739,2258.347826,2240.173913,2222,2203.826087,2185.652174,2167.086957,2148.521739,2129.956522,2111.391304,2092.826087,2076.26087,2059.695652,2043.130435,2026.565217,2010,1994.695652,1979.391304,1964.086957,1948.782609,1933.478261,1917.130435,1900.782609,1884.434783,1868.086957,1851.73913,1837.043478,1822.347826,1807.652174,1792.956522,1778.26087
2355.652174,2335.971014,2316.289855,2296.608696,2276.927536,2257.246377,2239.275362,2221.304348,2203.333333,2185.362319,2167.391304,2148.985507,2130.57971,2112.173913,2093.768116,2075.362319,2058.956522,2042.550725,2026.144928,2009.73913,1993.333333,1978.217391,1963.101449,1947.985507,1932.869565,1917.753623,1901.478261,1885.202899,1868.927536,1852.652174,1836.376812,1821.826087,1807.275362,1792.724638,1778.173913,1763.623188
2335.217391,2315.768116,2296.318841,2276.869565,2257.42029,2237.971014,2220.202899,2202.434783,2184.666667,2166.898551,2149.130435,2130.884058,2112.637681,2094.391304,2076.144928,2057.898551,2041.652174,2025.405797,2009.15942,1992.913043,1976.666667,1961.73913,1946.811594,1931.884058,1916.956522,1902.028986,1885.826087,1869.623188,1853.42029,1837.217391,1821.014493,1806.608696,1792.202899,1777.797101,1763.391304,1748.985507
2314.782609,2295.565217,2276.347826,2257.130435,2237.913043,2218.695652,2201.130435,2183.565217,2166,2148.434783,2130.869565,2112.782609,2094.695652,2076.608696,2058.521739,2040.434783,2024.347826,2008.26087,1992.173913,1976.086957,1960,1945.26087,1930.521739,1915.782609,1901.043478,1886.304348,1870.173913,1854.043478,1837.913043,1821.782609,1805.652174,1791.391304,1777.130435,1762.869565,1748.608696,1734.347826
2294.347826,2275.362319,2256.376812,2237.391304,2218.405797,2199.42029,2182.057971,2164.695652,2147.333333,2129.971014,2112.608696,2094.681159,2076.753623,2058.826087,2040.898551,2022.971014,2007.043478,1991.115942,1975.188406,1959.26087,1943.333333,1928.782609,1914.231884,1899.681159,1885.130435,1870.57971,1854.521739,1838.463768,1822.405797,1806.347826,1790.289855,1776.173913,1762.057971,1747.942029,1733.826087,1719.710145
2273.913043,2255.15942,2236.405797,2217.652174,2198.898551,2180.144928,2162.985507,2145.826087,2128.666667,2111.507246,2094.347826,2076.57971,2058.811594,2041.043478,2023.275362,2005.507246,1989.73913,1973.971014,1958.202899,1942.434783,1926.666667,1912.304348,1897.942029,1883.57971,1869.217391,1854.855072,1838.869565,1822.884058,1806.898551,1790.913043,1774.927536,1760.956522,1746.985507,1733.014493,1719.043478,1705.072464
2253.478261,2234.956522,2216.434783,2197.913043,2179.391304,2160.869565,2143.913043,2126.956522,2110,2093.043478,2076.086957,2058.478261,2040.869565,2023.26087,2005.652174,1988.043478,1972.434783,1956.826087,1941.217391,1925.608696,1910,1895.826087,1881.652174,1867.478261,1853.304348,1839.130435,1823.217391,1807.304348,1791.391304,1775.478261,1759.565217,1745.73913,1731.913043,1718.086957,1704.26087,1690.434783
2233.043478,2214.753623,2196.463768,2178.173913,2159.884058,2141.594203,2124.84058,2108.086957,2091.333333,2074.57971,2057.826087,2040.376812,2022.927536,2005.478261,1988.028986,1970.57971,1955.130435,1939.681159,1924.231884,1908.782609,1893.333333,1879.347826,1865.362319,1851.376812,1837.391304,1823.405797,1807.565217,1791.724638,1775.884058,1760.043478,1744.202899,1730.521739,1716.84058,1703.15942,1689.478261,1675.797101
2212.608696,2194.550725,2176.492754,2158.434783,2140.376812,2122.318841,2105.768116,2089.217391,2072.666667,2056.115942,2039.565217,2022.275362,2004.985507,1987.695652,1970.405797,1953.115942,1937.826087,1922.536232,1907.246377,1891.956522,1876.666667,1862.869565,1849.072464,1835.275362,1821.478261,1807.681159,1791.913043,1776.144928,1760.376812,1744.608696,1728.84058,1715.304348,1701.768116,1688.231884,1674.695652,1661.15942
2192.173913,2174.347826,2156.521739,2138.695652,2120.869565,2103.043478,2086.695652,2070.347826,2054,2037.652174,2021.304348,2004.173913,1987.043478,1969.913043,1952.782609,1935.652174,1920.521739,1905.391304,1890.26087,1875.130435,1860,1846.391304,1832.782609,1819.173913,1805.565217,1791.956522,1776.26087,1760.565217,1744.869565,1729.173913,1713.478261,1700.086957,1686.695652,1673.304348,1659.913043,1646.521739
2171.73913,2154.144928,2136.550725,2118.956522,2101.362319,2083.768116,2067.623188,2051.478261,2035.333333,2019.188406,2003.043478,1986.072464,1969.101449,1952.130435,1935.15942,1918.188406,1903.217391,1888.246377,1873.275362,1858.304348,1843.333333,1829.913043,1816.492754,1803.072464,1789.652174,1776.231884,1760.608696,1744.985507,1729.362319,1713.73913,1698.115942,1684.869565,1671.623188,1658.376812,1645.130435,1631.884058
2151.304348,2133.942029,2116.57971,2099.217391,2081.855072,2064.492754,2048.550725,2032.608696,2016.666667,2000.724638,1984.782609,1967.971014,1951.15942,1934.347826,1917.536232,1900.724638,1885.913043,1871.101449,1856.289855,1841.478261,1826.666667,1813.434783,1800.202899,1786.971014,1773.73913,1760.507246,1744.956522,1729.405797,1713.855072,1698.304348,1682.753623,1669.652174,1656.550725,1643.449275,1630.347826,1617.246377
2130.869565,2113.73913,2096.608696,2079.478261,2062.347826,2045.217391,2029.478261,2013.73913,1998,1982.26087,1966.521739,1949.869565,1933.217391,1916.565217,1899.913043,1883.26087,1868.608696,1853.956522,1839.304348,1824.652174,1810,1796.956522,1783.913043,1770.869565,1757.826087,1744.782609,1729.304348,1713.826087,1698.347826,1682.869565,1667.391304,1654.434783,1641.478261,1628.521739,1615.565217,1602.608696
2110.434783,2093.536232,2076.637681,2059.73913,2042.84058,2025.942029,2010.405797,1994.869565,1979.333333,1963.797101,1948.26087,1931.768116,1915.275362,1898.782609,1882.289855,1865.797101,1851.304348,1836.811594,1822.318841,1807.826087,1793.333333,1780.478261,1767.623188,1754.768116,1741.913043,1729.057971,1713.652174,1698.246377,1682.84058,1667.434783,1652.028986,1639.217391,1626.405797,1613.594203,1600.782609,1587.971014
2090,2073.333333,2056.666667,2040,2023.333333,2006.666667,1991.333333,1976,1960.666667,1945.333333,1930,1913.666667,1897.333333,1881,1864.666667,1848.333333,1834,1819.666667,1805.333333,1791,1776.666667,1764,1751.333333,1738.666667,1726,1713.333333,1698,1682.666667,1667.333333,1652,1636.666667,1624,1611.333333,1598.666667,1586,1573.333333
2069.565217,2053.130435,2036.695652,2020.26087,2003.826087,1987.391304,1972.26087,1957.130435,1942,1926.869565,1911.73913,1895.565217,1879.391304,1863.217391,1847.043478,1830.869565,1816.695652,1802.521739,1788.347826,1774.173913,1760,1747.521739,1735.043478,1722.565217,1710.086957,1697.608696,1682.347826,1667.086957,1651.826087,1636.565217,1621.304348,1608.782609,1596.26087,1583.73913,1571.217391,1558.695652
2049.130435,2032.927536,2016.724638,2000.521739,1984.318841,1968.115942,1953.188406,1938.26087,1923.333333,1908.405797,1893.478261,1877.463768,1861.449275,1845.434783,1829.42029,1813.405797,1799.391304,1785.376812,1771.362319,1757.347826,1743.333333,1731.043478,1718.753623,1706.463768,1694.173913,1681.884058,1666.695652,1651.507246,1636.318841,1621.130435,1605.942029,1593.565217,1581.188406,1568.811594,1556.434783,1544.057971
2028.695652,2012.724638,1996.753623,1980.782609,1964.811594,1948.84058,1934.115942,1919.391304,1904.666667,1889.942029,1875.217391,1859.362319,1843.507246,1827.652174,1811.797101,1795.942029,1782.086957,1768.231884,1754.376812,1740.521739,1726.666667,1714.565217,1702.463768,1690.362319,1678.26087,1666.15942,1651.043478,1635.927536,1620.811594,1605.695652,1590.57971,1578.347826,1566.115942,1553.884058,1541.652174,1529.42029
2008.26087,1992.521739,1976.782609,1961.043478,1945.304348,1929.565217,1915.043478,1900.521739,1886,1871.478261,1856.956522,1841.26087,1825.565217,1809.869565,1794.173913,1778.478261,1764.782609,1751.086957,1737.391304,1723.695652,1710,1698.086957,1686.173913,1674.26087,1662.347826,1650.434783,1635.391304,1620.347826,1605.304348,1590.26087,1575.217391,1563.130435,1551.043478,1538.956522,1526.869565,1514.782609
1987.826087,1972.318841,1956.811594,1941.304348,1925.797101,1910.289855,1895.971014,1881.652174,1867.333333,1853.014493,1838.695652,1823.15942,1807.623188,1792.086957,1776.550725,1761.014493,1747.478261,1733.942029,1720.405797,1706.869565,1693.333333,1681.608696,1669.884058,1658.15942,1646.434783,1634.710145,1619.73913,1604.768116,1589.797101,1574.826087,1559.855072,1547.913043,1535.971014,1524.028986,1512.086957,1500.144928
1967.391304,1952.115942,1936.84058,1921.565217,1906.289855,1891.014493,1876.898551,1862.782609,1848.666667,1834.550725,1820.434783,1805.057971,1789.681159,1774.304348,1758.927536,1743.550725,1730.173913,1716.797101,1703.42029,1690.043478,1676.666667,1665.130435,1653.594203,1642.057971,1630.521739,1618.985507,1604.086957,1589.188406,1574.289855,1559.391304,1544.492754,1532.695652,1520.898551,1509.101449,1497.304348,1485.507246
1946.956522,1931.913043,1916.869565,1901.826087,1886.782609,1871.73913,1857.826087,1843.913043,1830,1816.086957,1802.173913,1786.956522,1771.73913,1756.521739,1741.304348,1726.086957,1712.869565,1699.652174,1686.434783,1673.217391,1660,1648.652174,1637.304348,1625.956522,1614.608696,1603.26087,1588.434783,1573.608696,1558.782609,1543.956522,1529.130435,1517.478261,1505.826087,1494.173913,1482.521739,1470.869565
1926.521739,1911.710145,1896.898551,1882.086957,1867.275362,1852.463768,1838.753623,1825.043478,1811.333333,1797.623188,1783.913043,1768.855072,1753.797101,1738.73913,1723.681159,1708.623188,1695.565217,1682.507246,1669.449275,1656.391304,1643.333333,1632.173913,1621.014493,1609.855072,1598.695652,1587.536232,1572.782609,1558.028986,1543.275362,1528.521739,1513.768116,1502.26087,1490.753623,1479.246377,1467.73913,1456.231884
1906.086957,1891.507246,1876.927536,1862.347826,1847.768116,1833.188406,1819.681159,1806.173913,1792.666667,1779.15942,1765.652174,1750.753623,1735.855072,1720.956522,1706.057971,1691.15942,1678.26087,1665.362319,1652.463768,1639.565217,1626.666667,1615.695652,1604.724638,1593.753623,1582.782609,1571.811594,1557.130435,1542.449275,1527.768116,1513.086957,1498.405797,1487.043478,1475.681159,1464.318841,1452.956522,1441.594203
1885.652174,1871.304348,1856.956522,1842.608696,1828.26087,1813.913043,1800.608696,1787.304348,1774,1760.695652,1747.391304,1732.652174,1717.913043,1703.173913,1688.434783,1673.695652,1660.956522,1648.217391,1635.478261,1622.73913,1610,1599.217391,1588.434783,1577.652174,1566.869565,1556.086957,1541.478261,1526.869565,1512.26087,1497.652174,1483.043478,1471.826087,1460.608696,1449.391304,1438.173913,1426.956522
1865.217391,1851.101449,1836.985507,1822.869565,1808.753623,1794.637681,1781.536232,1768.434783,1755.333333,1742.231884,1729.130435,1714.550725,1699.971014,1685.391304,1670.811594,1656.231884,1643.652174,1631.072464,1618.492754,1605.913043,1593.333333,1582.73913,1572.144928,1561.550725,1550.956522,1540.362319,1525.826087,1511.289855,1496.753623,1482.217391,1467.681159,1456.608696,1445.536232,1434.463768,1423.391304,1412.318841
1844.782609,1830.898551,1817.014493,1803.130435,1789.246377,1775.362319,1762.463768,1749.565217,1736.666667,1723.768116,1710.869565,1696.449275,1682.028986,1667.608696,1653.188406,1638.768116,1626.347826,1613.927536,1601.507246,1589.086957,1576.666667,1566.26087,1555.855072,1545.449275,1535.043478,1524.637681,1510.173913,1495.710145,1481.246377,1466.782609,1452.318841,1441.391304,1430.463768,1419.536232,1408.608696,1397.681159
1824.347826,1810.695652,1797.043478,1783.391304,1769.73913,1756.086957,1743.391304,1730.695652,1718,1705.304348,1692.608696,1678.347826,1664.086957,1649.826087,1635.565217,1621.304348,1609.043478,1596.782609,1584.521739,1572.26087,1560,1549.782609,1539.565217,1529.347826,1519.130435,1508.913043,1494.521739,1480.130435,1465.73913,1451.347826,1436.956522,1426.173913,1415.391304,1404.608696,1393.826087,1383.043478
1803.913043,1790.492754,1777.072464,1763.652174,1750.231884,1736.811594,1724.318841,1711.826087,1699.333333,1686.84058,1674.347826,1660.246377,1646.144928,1632.043478,1617.942029,1603.84058,1591.73913,1579.637681,1567.536232,1555.434783,1543.333333,1533.304348,1523.275362,1513.246377,1503.217391,1493.188406,1478.869565,1464.550725,1450.231884,1435.913043,1421.594203,1410.956522,1400.318841,1389.681159,1379.043478,1368.405797
1783.478261,1770.289855,1757.101449,1743.913043,1730.724638,1717.536232,1705.246377,1692.956522,1680.666667,1668.376812,1656.086957,1642.144928,1628.202899,1614.26087,1600.318841,1586.376812,1574.434783,1562.492754,1550.550725,1538.608696,1526.666667,1516.826087,1506.985507,1497.144928,1487.304348,1477.463768,1463.217391,1448.971014,1434.724638,1420.478261,1406.231884,1395.73913,1385.246377,1374.753623,1364.26087,1353.768116
1763.043478,1750.086957,1737.130435,1724.173913,1711.217391,1698.26087,1686.173913,1674.086957,1662,1649.913043,1637.826087,1624.043478,1610.26087,1596.478261,1582.695652,1568.913043,1557.130435,1545.347826,1533.565217,1521.782609,1510,1500.347826,1490.695652,1481.043478,1471.391304,1461.73913,1447.565217,1433.391304,1419.217391,1405.043478,1390.869565,1380.521739,1370.173913,1359.826087,1349.478261,1339.130435
1742.608696,1729.884058,1717.15942,1704.434783,1691.710145,1678.985507,1667.101449,1655.217391,1643.333333,1631.449275,1619.565217,1605.942029,1592.318841,1578.695652,1565.072464,1551.449275,1539.826087,1528.202899,1516.57971,1504.956522,1493.333333,1483.869565,1474.405797,1464.942029,1455.478261,1446.014493,1431.913043,1417.811594,1403.710145,1389.608696,1375.507246,1365.304348,1355.101449,1344.898551,1334.695652,1324.492754
1722.173913,1709.681159,1697.188406,1684.695652,1672.202899,1659.710145,1648.028986,1636.347826,1624.666667,1612.985507,1601.304348,1587.84058,1574.376812,1560.913043,1547.449275,1533.985507,1522.521739,1511.057971,1499.594203,1488.130435,1476.666667,1467.391304,1458.115942,1448.84058,1439.565217,1430.289855,1416.26087,1402.231884,1388.202899,1374.173913,1360.144928,1350.086957,1340.028986,1329.971014,1319.913043,1309.855072
1701.73913,1689.478261,1677.217391,1664.956522,1652.695652,1640.434783,1628.956522,1617.478261,1606,1594.521739,1583.043478,1569.73913,1556.434783,1543.130435,1529.826087,1516.521739,1505.217391,1493.913043,1482.608696,1471.304348,1460,1450.913043,1441.826087,1432.73913,1423.652174,1414.565217,1400.608696,1386.652174,1372.695652,1358.73913,1344.782609,1334.869565,1324.956522,1315.043478,1305.130435,1295.217391
1681.304348,1669.275362,1657.246377,1645.217391,1633.188406,1621.15942,1609.884058,1598.608696,1587.333333,1576.057971,1564.782609,1551.637681,1538.492754,1525.347826,1512.202899,1499.057971,1487.913043,1476.768116,1465.623188,1454.478261,1443.333333,1434.434783,1425.536232,1416.637681,1407.73913,1398.84058,1384.956522,1371.072464,1357.188406,1343.304348,1329.42029,1319.652174,1309.884058,1300.115942,1290.347826,1280.57971
1660.869565,1649.072464,1637.275362,1625.478261,1613.681159,1601.884058,1590.811594,1579.73913,1568.666667,1557.594203,1546.521739,1533.536232,1520.550725,1507.565217,1494.57971,1481.594203,1470.608696,1459.623188,1448.637681,1437.652174,1426.666667,1417.956522,1409.246377,1400.536232,1391.826087,1383.115942,1369.304348,1355.492754,1341.681159,1327.869565,1314.057971,1304.434783,1294.811594,1285.188406,1275.565217,1265.942029
1640.434783,1628.869565,1617.304348,1605.73913,1594.173913,1582.608696,1571.73913,1560.869565,1550,1539.130435,1528.26087,1515.434783,1502.608696,1489.782609,1476.956522,1464.130435,1453.304348,1442.478261,1431.652174,1420.826087,1410,1401.478261,1392.956522,1384.434783,1375.913043,1367.391304,1353.652174,1339.913043,1326.173913,1312.434783,1298.695652,1289.217391,1279.73913,1270.26087,1260.782609,1251.304348
1620,1608.666667,1597.333333,1586,1574.666667,1563.333333,1552.666667,1542,1531.333333,1520.666667,1510,1497.333333,1484.666667,1472,1459.333333,1446.666667,1436,1425.333333,1414.666667,1404,1393.333333,1385,1376.666667,1368.333333,1360,1351.666667,1338,1324.333333,1310.666667,1297,1283.333333,1274,1264.666667,1255.333333,1246,1236.666667
1599.565217,1588.463768,1577.362319,1566.26087,1555.15942,1544.057971,1533.594203,1523.130435,1512.666667,1502.202899,1491.73913,1479.231884,1466.724638,1454.217391,1441.710145,1429.202899,1418.695652,1408.188406,1397.681159,1387.173913,1376.666667,1368.521739,1360.376812,1352.231884,1344.086957,1335.942029,1322.347826,1308.753623,1295.15942,1281.565217,1267.971014,1258.782609,1249.594203,1240.405797,1231.217391,1222.028986
1579.130435,1568.26087,1557.391304,1546.521739,1535.652174,1524.782609,1514.521739,1504.26087,1494,1483.73913,1473.478261,1461.130435,1448.782609,1436.434783,1424.086957,1411.73913,1401.391304,1391.043478,1380.695652,1370.347826,1360,1352.043478,1344.086957,1336.130435,1328.173913,1320.217391,1306.695652,1293.173913,1279.652174,1266.130435,1252.608696,1243.565217,1234.521739,1225.478261,1216.434783,1207.391304
1558.695652,1548.057971,1537.42029,1526.782609,1516.144928,1505.507246,1495.449275,1485.391304,1475.333333,1465.275362,1455.217391,1443.028986,1430.84058,1418.652174,1406.463768,1394.275362,1384.086957,1373.898551,1363.710145,1353.521739,1343.333333,1335.565217,1327.797101,1320.028986,1312.26087,1304.492754,1291.043478,1277.594203,1264.144928,1250.695652,1237.246377,1228.347826,1219.449275,1210.550725,1201.652174,1192.753623
1538.26087,1527.855072,1517.449275,1507.043478,1496.637681,1486.231884,1476.376812,1466.521739,1456.666667,1446.811594,1436.956522,1424.927536,1412.898551,1400.869565,1388.84058,1376.811594,1366.782609,1356.753623,1346.724638,1336.695652,1326.666667,1319.086957,1311.507246,1303.927536,1296.347826,1288.768116,1275.391304,1262.014493,1248.637681,1235.26087,1221.884058,1213.130435,1204.376812,1195.623188,1186.869565,1178.115942
1517.826087,1507.652174,1497.478261,1487.304348,1477.130435,1466.956522,1457.304348,1447.652174,1438,1428.347826,1418.695652,1406.826087,1394.956522,1383.086957,1371.217391,1359.347826,1349.478261,1339.608696,1329.73913,1319.869565,1310,1302.608696,1295.217391,1287.826087,1280.434783,1273.043478,1259.73913,1246.434783,1233.130435,1219.826087,1206.521739,1197.913043,1189.304348,1180.695652,1172.086957,1163.478261
1497.391304,1487.449275,1477.507246,1467.565217,1457.623188,1447.681159,1438.231884,1428.782609,1419.333333,1409.884058,1400.434783,1388.724638,1377.014493,1365.304348,1353.594203,1341.884058,1332.173913,1322.463768,1312.753623,1303.043478,1293.333333,1286.130435,1278.927536,1271.724638,1264.521739,1257.318841,1244.086957,1230.855072,1217.623188,1204.391304,1191.15942,1182.695652,1174.231884,1165.768116,1157.304348,1148.84058
1476.956522,1467.246377,1457.536232,1447.826087,1438.115942,1428.405797,1419.15942,1409.913043,1400.666667,1391.42029,1382.173913,1370.623188,1359.072464,1347.521739,1335.971014,1324.42029,1314.869565,1305.318841,1295.768116,1286.217391,1276.666667,1269.652174,1262.637681,1255.623188,1248.608696,1241.594203,1228.434783,1215.275362,1202.115942,1188.956522,1175.797101,1167.478261,1159.15942,1150.84058,1142.521739,1134.202899
1456.521739,1447.043478,1437.565217,1428.086957,1418.608696,1409.130435,1400.086957,1391.043478,1382,1372.956522,1363.913043,1352.521739,1341.130435,1329.73913,1318.347826,1306.956522,1297.565217,1288.173913,1278.782609,1269.391304,1260,1253.173913,1246.347826,1239.521739,1232.695652,1225.869565,1212.782609,1199.695652,1186.608696,1173.521739,1160.434783,1152.26087,1144.086957,1135.913043,1127.73913,1119.565217
1436.086957,1426.84058,1417.594203,1408.347826,1399.101449,1389.855072,1381.014493,1372.173913,1363.333333,1354.492754,1345.652174,1334.42029,1323.188406,1311.956522,1300.724638,1289.492754,1280.26087,1271.028986,1261.797101,1252.565217,1243.333333,1236.695652,1230.057971,1223.42029,1216.782609,1210.144928,1197.130435,1184.115942,1171.101449,1158.086957,1145.072464,1137.043478,1129.014493,1120.985507,1112.956522,1104.927536
1415.652174,1406.637681,1397.623188,1388.608696,1379.594203,1370.57971,1361.942029,1353.304348,1344.666667,1336.028986,1327.391304,1316.318841,1305.246377,1294.173913,1283.101449,1272.028986,1262.956522,1253.884058,1244.811594,1235.73913,1226.666667,1220.217391,1213.768116,1207.318841,1200.869565,1194.42029,1181.478261,1168.536232,1155.594203,1142.652174,1129.710145,1121.826087,1113.942029,1106.057971,1098.173913,1090.289855
1395.217391,1386.434783,1377.652174,1368.869565,1360.086957,1351.304348,1342.869565,1334.434783,1326,1317.565217,1309.130435,1298.217391,1287.304348,1276.391304,1265.478261,1254.565217,1245.652174,1236.73913,1227.826087,1218.913043,1210,1203.73913,1197.478261,1191.217391,1184.956522,1178.695652,1165.826087,1152.956522,1140.086957,1127.217391,1114.347826,1106.608696,1098.869565,1091.130435,1083.391304,1075.652174
1374.782609,1366.231884,1357.681159,1349.130435,1340.57971,1332.028986,1323.797101,1315.565217,1307.333333,1299.101449,1290.869565,1280.115942,1269.362319,1258.608696,1247.855072,1237.101449,1228.347826,1219.594203,1210.84058,1202.086957,1193.333333,1187.26087,1181.188406,1175.115942,1169.043478,1162.971014,1150.173913,1137.376812,1124.57971,1111.782609,1098.985507,1091.391304,1083.797101,1076.202899,1068.608696,1061.014493
1354.347826,1346.028986,1337.710145,1329.391304,1321.072464,1312.753623,1304.724638,1296.695652,1288.666667,1280.637681,1272.608696,1262.014493,1251.42029,1240.826087,1230.231884,1219.637681,1211.043478,1202.449275,1193.855072,1185.26087,1176.666667,1170.782609,1164.898551,1159.014493,1153.130435,1147.246377,1134.521739,1121.797101,1109.072464,1096.347826,1083.623188,1076.173913,1068.724638,1061.275362,1053.826087,1046.376812
1333.913043,1325.826087,1317.73913,1309.652174,1301.565217,1293.478261,1285.652174,1277.826087,1270,1262.173913,1254.347826,1243.913043,1233.478261,1223.043478,1212.608696,1202.173913,1193.73913,1185.304348,1176.869565,1168.434783,1160,1154.304348,1148.608696,1142.913043,1137.217391,1131.521739,1118.869565,1106.217391,1093.565217,1080.913043,1068.26087,1060.956522,1053.652174,1046.347826,1039.043478,1031.73913
1313.478261,1305.623188,1297.768116,1289.913043,1282.057971,1274.202899,1266.57971,1258.956522,1251.333333,1243.710145,1236.086957,1225.811594,1215.536232,1205.26087,1194.985507,1184.710145,1176.434783,1168.15942,1159.884058,1151.608696,1143.333333,1137.826087,1132.318841,1126.811594,1121.304348,1115.797101,1103.217391,1090.637681,1078.057971,1065.478261,1052.898551,1045.73913,1038.57971,1031.42029,1024.26087,1017.101449
1293.043478,1285.42029,1277.797101,1270.173913,1262.550725,1254.927536,1247.507246,1240.086957,1232.666667,1225.246377,1217.826087,1207.710145,1197.594203,1187.478261,1177.362319,1167.246377,1159.130435,1151.014493,1142.898551,1134.782609,1126.666667,1121.347826,1116.028986,1110.710145,1105.391304,1100.072464,1087.565217,1075.057971,1062.550725,1050.043478,1037.536232,1030.521739,1023.507246,1016.492754,1009.478261,1002.463768
1272.608696,1265.217391,1257.826087,1250.434783,1243.043478,1235.652174,1228.434783,1221.217391,1214,1206.782609,1199.565217,1189.608696,1179.652174,1169.695652,1159.73913,1149.782609,1141.826087,1133.869565,1125.913043,1117.956522,1110,1104.869565,1099.73913,1094.608696,1089.478261,1084.347826,1071.913043,1059.478261,1047.043478,1034.608696,1022.173913,1015.304348,1008.434783,1001.565217,994.6956522,987.826087
1252.173913,1245.014493,1237.855072,1230.695652,1223.536232,1216.376812,1209.362319,1202.347826,1195.333333,1188.318841,1181.304348,1171.507246,1161.710145,1151.913043,1142.115942,1132.318841,1124.521739,1116.724638,1108.927536,1101.130435,1093.333333,1088.391304,1083.449275,1078.507246,1073.565217,1068.623188,1056.26087,1043.898551,1031.536232,1019.173913,1006.811594,1000.086957,993.3623188,986.6376812,979.9130435,973.1884058
1231.73913,1224.811594,1217.884058,1210.956522,1204.028986,1197.101449,1190.289855,1183.478261,1176.666667,1169.855072,1163.043478,1153.405797,1143.768116,1134.130435,1124.492754,1114.855072,1107.217391,1099.57971,1091.942029,1084.304348,1076.666667,1071.913043,1067.15942,1062.405797,1057.652174,1052.898551,1040.608696,1028.318841,1016.028986,1003.73913,991.4492754,984.8695652,978.2898551,971.7101449,965.1304348,958.5507246
1211.304348,1204.608696,1197.913043,1191.217391,1184.521739,1177.826087,1171.217391,1164.608696,1158,1151.391304,1144.782609,1135.304348,1125.826087,1116.347826,1106.869565,1097.391304,1089.913043,1082.434783,1074.956522,1067.478261,1060,1055.434783,1050.869565,1046.304348,1041.73913,1037.173913,1024.956522,1012.73913,1000.521739,988.3043478,976.0869565,969.6521739,963.2173913,956.7826087,950.3478261,943.9130435
1190.869565,1184.405797,1177.942029,1171.478261,1165.014493,1158.550725,1152.144928,1145.73913,1139.333333,1132.927536,1126.521739,1117.202899,1107.884058,1098.565217,1089.246377,1079.927536,1072.608696,1065.289855,1057.971014,1050.652174,1043.333333,1038.956522,1034.57971,1030.202899,1025.826087,1021.449275,1009.304348,997.1594203,985.0144928,972.8695652,960.7246377,954.4347826,948.1449275,941.8550725,935.5652174,929.2753623
1170.434783,1164.202899,1157.971014,1151.73913,1145.507246,1139.275362,1133.072464,1126.869565,1120.666667,1114.463768,1108.26087,1099.101449,1089.942029,1080.782609,1071.623188,1062.463768,1055.304348,1048.144928,1040.985507,1033.826087,1026.666667,1022.478261,1018.289855,1014.101449,1009.913043,1005.724638,993.6521739,981.5797101,969.5072464,957.4347826,945.3623188,939.2173913,933.0724638,926.9275362,920.7826087,914.6376812
1150,1144,1138,1132,1126,1120,1114,1108,1102,1096,1090,1081,1072,1063,1054,1045,1038,1031,1024,1017,1010,1006,1002,998,994,990,978,966,954,942,930,924,918,912,906,900
